{
    "context": {
        "build": {
            "device": "sailfish",
            "fingerprint": "google/sailfish/sailfish:10/QP1A.191005.007.A3/5972272:user/release-keys",
            "model": "Pixel",
            "version": {
                "sdk": 29
            }
        },
        "cpuCoreCount": 4,
        "cpuLocked": false,
        "cpuMaxFreqHz": -1,
        "memTotalBytes": 3948359680,
        "sustainedPerformanceModeEnabled": true
    },
    "benchmarks": [
        {
            "name": "networkUriGet",
            "params": {},
            "className": "coil.benchmark.ControlBenchmark",
            "totalRunTimeNs": 23712716789,
            "metrics": {
                "timeNs": {
                    "minimum": 257088932,
                    "maximum": 440452752,
                    "median": 275949585,
                    "runs": [
                        258874505,
                        260617265,
                        282943674,
                        299150134,
                        295764665,
                        339022638,
                        277936851,
                        281546695,
                        272051016,
                        270053829,
                        269591327,
                        268341070,
                        354349308,
                        276010392,
                        309555240,
                        440452752,
                        282670081,
                        269238880,
                        265327839,
                        267380234,
                        268122738,
                        269585754,
                        281518518,
                        260187892,
                        262654036,
                        275888777,
                        353913576,
                        271205443,
                        278571591,
                        338381127,
                        257088932,
                        279712582,
                        260004504,
                        263288255,
                        262179713,
                        267805339,
                        282133360,
                        284123569,
                        271442059,
                        274880079,
                        357420087,
                        306342270,
                        268220809,
                        267531746,
                        294467529,
                        282778935,
                        285977736,
                        259211430,
                        281832998,
                        344607168
                    ]
                }
            },
            "warmupIterations": 30,
            "repeatIterations": 1,
            "thermalThrottleSleepSeconds": 0
        },
        {
            "name": "fileUriGet",
            "params": {},
            "className": "coil.benchmark.ControlBenchmark",
            "totalRunTimeNs": 20163959352,
            "metrics": {
                "timeNs": {
                    "minimum": 206916219,
                    "maximum": 248623099,
                    "median": 214994189,
                    "runs": [
                        214960907,
                        212032886,
                        227602209,
                        210029605,
                        207849449,
                        216195541,
                        213763199,
                        220103146,
                        217327417,
                        211649397,
                        208237573,
                        209678147,
                        222028719,
                        218797366,
                        210959189,
                        209732261,
                        225502001,
                        219657314,
                        221750229,
                        209395647,
                        222897522,
                        226003459,
                        210047835,
                        211597052,
                        206916219,
                        224601325,
                        214735542,
                        220833721,
                        210126896,
                        209659292,
                        217651582,
                        218729293,
                        210494345,
                        208185125,
                        208564187,
                        208470229,
                        221457523,
                        208603562,
                        208677729,
                        215027471,
                        223407313,
                        209545227,
                        220678197,
                        248623099,
                        218893044,
                        212868355,
                        216193302,
                        228551170,
                        221576116,
                        226497159
                    ]
                }
            },
            "warmupIterations": 34,
            "repeatIterations": 1,
            "thermalThrottleSleepSeconds": 0
        }
    ]
}