{
    "context": {
        "build": {
            "device": "sailfish",
            "fingerprint": "google/sailfish/sailfish:10/QP1A.191005.007.A3/5972272:user/release-keys",
            "model": "Pixel",
            "version": {
                "sdk": 29
            }
        },
        "cpuCoreCount": 4,
        "cpuLocked": false,
        "cpuMaxFreqHz": -1,
        "memTotalBytes": 3948359680,
        "sustainedPerformanceModeEnabled": true
    },
    "benchmarks": [
        {
            "name": "networkUriGet",
            "params": {},
            "className": "coil.benchmark.FrescoBenchmark",
            "totalRunTimeNs": 36000311242,
            "metrics": {
                "timeNs": {
                    "minimum": 330629983,
                    "maximum": 574613703,
                    "median": 438050384,
                    "runs": [
                        500585466,
                        438116087,
                        506710102,
                        466435413,
                        345866650,
                        425125981,
                        424972333,
                        396459467,
                        493733801,
                        451053796,
                        452217337,
                        475915257,
                        451072284,
                        475773486,
                        425040355,
                        420012854,
                        443412960,
                        466910150,
                        430832230,
                        426840668,
                        388171343,
                        481563328,
                        355517275,
                        397616292,
                        494989163,
                        366280505,
                        414215874,
                        428297231,
                        459333327,
                        431824524,
                        470286506,
                        427680928,
                        449430461,
                        502316871,
                        417816239,
                        466125672,
                        437984681,
                        416493636,
                        429490045,
                        441861763,
                        450077128,
                        574613703,
                        330629983,
                        351799774,
                        451468326,
                        467819788,
                        409213113,
                        536019638,
                        396670665,
                        419683012
                    ]
                }
            },
            "warmupIterations": 30,
            "repeatIterations": 1,
            "thermalThrottleSleepSeconds": 0
        },
        {
            "name": "fileUriGet",
            "params": {},
            "className": "coil.benchmark.FrescoBenchmark",
            "totalRunTimeNs": 30329988594,
            "metrics": {
                "timeNs": {
                    "minimum": 246583046,
                    "maximum": 478789163,
                    "median": 343437275,
                    "runs": [
                        310812217,
                        332463315,
                        311982531,
                        353410451,
                        441143949,
                        301571645,
                        318771751,
                        371456339,
                        350234151,
                        325236698,
                        368522796,
                        338798421,
                        384437277,
                        420402072,
                        270326279,
                        323591282,
                        429013636,
                        389862798,
                        399511029,
                        331627063,
                        301756958,
                        390541236,
                        464382494,
                        259718462,
                        335792275,
                        281111590,
                        293834716,
                        404555511,
                        276943724,
                        271654715,
                        311772011,
                        383087643,
                        355403992,
                        330342377,
                        338730555,
                        266898255,
                        266816745,
                        375508735,
                        246583046,
                        388058633,
                        266591121,
                        348076128,
                        354910453,
                        478789163,
                        378776443,
                        382512017,
                        300927843,
                        357602276,
                        365723108,
                        359358787
                    ]
                }
            },
            "warmupIterations": 30,
            "repeatIterations": 1,
            "thermalThrottleSleepSeconds": 0
        }
    ]
}