{
    "context": {
        "build": {
            "device": "sailfish",
            "fingerprint": "google/sailfish/sailfish:10/QP1A.191005.007.A3/5972272:user/release-keys",
            "model": "Pixel",
            "version": {
                "sdk": 29
            }
        },
        "cpuCoreCount": 4,
        "cpuLocked": false,
        "cpuMaxFreqHz": -1,
        "memTotalBytes": 3948359680,
        "sustainedPerformanceModeEnabled": true
    },
    "benchmarks": [
        {
            "name": "networkUriGet",
            "params": {},
            "className": "coil.benchmark.ControlBenchmark",
            "totalRunTimeNs": 24591194689,
            "metrics": {
                "timeNs": {
                    "minimum": 255015963,
                    "maximum": 350717326,
                    "median": 281359273,
                    "runs": [
                        281167007,
                        296150341,
                        331398315,
                        277435913,
                        270843568,
                        276122009,
                        263375600,
                        303233989,
                        281551538,
                        278514978,
                        291298467,
                        283354456,
                        265656745,
                        291046852,
                        278718364,
                        290475602,
                        282631329,
                        268686379,
                        260496172,
                        292244872,
                        280496593,
                        264511017,
                        276519196,
                        319341178,
                        283975759,
                        286020654,
                        326589667,
                        272894143,
                        326841074,
                        308039562,
                        301437790,
                        335114408,
                        272974297,
                        285343153,
                        262596431,
                        270920446,
                        277117164,
                        280168152,
                        275813258,
                        255015963,
                        256046952,
                        297464927,
                        293394977,
                        314144198,
                        258439245,
                        288803047,
                        350717326,
                        266801068,
                        266240391,
                        289671333
                    ]
                }
            },
            "warmupIterations": 30,
            "repeatIterations": 1,
            "thermalThrottleSleepSeconds": 0
        },
        {
            "name": "fileUriGet",
            "params": {},
            "className": "coil.benchmark.ControlBenchmark",
            "totalRunTimeNs": 20077569917,
            "metrics": {
                "timeNs": {
                    "minimum": 208141114,
                    "maximum": 228722574,
                    "median": 215048798,
                    "runs": [
                        210599137,
                        209596270,
                        225582940,
                        227699762,
                        221234969,
                        210625750,
                        214600959,
                        216212677,
                        209380853,
                        224705597,
                        214070438,
                        212991948,
                        228722574,
                        222900594,
                        208183509,
                        222622417,
                        223140021,
                        214822679,
                        214899031,
                        212701218,
                        208141114,
                        213960908,
                        214993043,
                        217485593,
                        224363565,
                        211268926,
                        223030178,
                        214745281,
                        210609345,
                        214317208,
                        214110022,
                        225074709,
                        222224920,
                        215868719,
                        210851845,
                        216182572,
                        227655075,
                        220730023,
                        218397938,
                        219019034,
                        209495645,
                        219019919,
                        214887052,
                        222667781,
                        225244031,
                        213347104,
                        211626012,
                        223549814,
                        208995021,
                        215104553
                    ]
                }
            },
            "warmupIterations": 33,
            "repeatIterations": 1,
            "thermalThrottleSleepSeconds": 0
        }
    ]
}