{
    "context": {
        "build": {
            "device": "sailfish",
            "fingerprint": "google/sailfish/sailfish:10/QP1A.191005.007.A3/5972272:user/release-keys",
            "model": "Pixel",
            "version": {
                "sdk": 29
            }
        },
        "cpuCoreCount": 4,
        "cpuLocked": false,
        "cpuMaxFreqHz": -1,
        "memTotalBytes": 3948359680,
        "sustainedPerformanceModeEnabled": true
    },
    "benchmarks": [
        {
            "name": "networkUriGet",
            "params": {},
            "className": "coil.benchmark.GlideBenchmark",
            "totalRunTimeNs": 34088898813,
            "metrics": {
                "timeNs": {
                    "minimum": 335179669,
                    "maximum": 530214897,
                    "median": 383571004,
                    "runs": [
                        382804310,
                        389479153,
                        363393629,
                        492808435,
                        370003370,
                        342721595,
                        446669888,
                        369272797,
                        437492387,
                        461093274,
                        369287433,
                        511587550,
                        387671027,
                        413048373,
                        403005562,
                        379223111,
                        372768840,
                        484790623,
                        348350713,
                        491611924,
                        498099738,
                        439333169,
                        373143058,
                        382375141,
                        399329883,
                        366247484,
                        367697120,
                        436521135,
                        359705868,
                        397639208,
                        411478633,
                        364298786,
                        371104049,
                        384337697,
                        445312128,
                        335179669,
                        361948423,
                        409090822,
                        336284772,
                        360828006,
                        390982592,
                        403758947,
                        363934151,
                        408445301,
                        418248271,
                        360717795,
                        344119044,
                        378733579,
                        349489201,
                        530214897
                    ]
                }
            },
            "warmupIterations": 30,
            "repeatIterations": 1,
            "thermalThrottleSleepSeconds": 0
        },
        {
            "name": "fileUriGet",
            "params": {},
            "className": "coil.benchmark.GlideBenchmark",
            "totalRunTimeNs": 23692677621,
            "metrics": {
                "timeNs": {
                    "minimum": 234828200,
                    "maximum": 369991757,
                    "median": 262716537,
                    "runs": [
                        287575394,
                        318193990,
                        295738519,
                        279463984,
                        265160233,
                        369991757,
                        297695603,
                        311229198,
                        241584660,
                        255655025,
                        239631117,
                        261859088,
                        287392840,
                        285870237,
                        271361642,
                        277926174,
                        254960963,
                        240526118,
                        310464770,
                        253779712,
                        314997427,
                        243289033,
                        275187943,
                        266700546,
                        239885805,
                        247054713,
                        285638416,
                        259523515,
                        265698256,
                        245225389,
                        234828200,
                        244917472,
                        258431380,
                        252813307,
                        247784401,
                        276874507,
                        270087475,
                        245102109,
                        272148881,
                        246169920,
                        263573985,
                        250601066,
                        237585856,
                        276818675,
                        250565962,
                        306415811,
                        238325390,
                        281574767,
                        250150181,
                        255638828
                    ]
                }
            },
            "warmupIterations": 30,
            "repeatIterations": 1,
            "thermalThrottleSleepSeconds": 0
        }
    ]
}