{
    "context": {
        "build": {
            "device": "sailfish",
            "fingerprint": "google/sailfish/sailfish:10/QP1A.191005.007.A3/5972272:user/release-keys",
            "model": "Pixel",
            "version": {
                "sdk": 29
            }
        },
        "cpuCoreCount": 4,
        "cpuLocked": false,
        "cpuMaxFreqHz": -1,
        "memTotalBytes": 3948359680,
        "sustainedPerformanceModeEnabled": true
    },
    "benchmarks": [
        {
            "name": "networkUriGet",
            "params": {},
            "className": "coil.benchmark.FrescoBenchmark",
            "totalRunTimeNs": 35128830739,
            "metrics": {
                "timeNs": {
                    "minimum": 348016337,
                    "maximum": 508079321,
                    "median": 416419624,
                    "runs": [
                        508079321,
                        465112285,
                        455848849,
                        378424829,
                        419300615,
                        431966814,
                        393019623,
                        436394210,
                        397940662,
                        392078268,
                        384324465,
                        408639885,
                        482367498,
                        385069414,
                        421330614,
                        421468844,
                        387307695,
                        441094054,
                        507143281,
                        459801087,
                        457058953,
                        376378943,
                        389672851,
                        384829309,
                        408449937,
                        391867696,
                        482099215,
                        433231815,
                        402427228,
                        464557495,
                        351299671,
                        447891295,
                        397470979,
                        348016337,
                        435767025,
                        480939267,
                        437155669,
                        386128216,
                        382276444,
                        415881967,
                        451671085,
                        426787854,
                        389576653,
                        495096192,
                        399249258,
                        416957281,
                        441262180,
                        408983895,
                        357859724,
                        377010454
                    ]
                }
            },
            "warmupIterations": 30,
            "repeatIterations": 1,
            "thermalThrottleSleepSeconds": 0
        },
        {
            "name": "fileUriGet",
            "params": {},
            "className": "coil.benchmark.FrescoBenchmark",
            "totalRunTimeNs": 27667740464,
            "metrics": {
                "timeNs": {
                    "minimum": 238748616,
                    "maximum": 516205573,
                    "median": 296195446,
                    "runs": [
                        244426326,
                        240263618,
                        389228318,
                        300043468,
                        272123672,
                        289039196,
                        346266440,
                        473357806,
                        516205573,
                        427452022,
                        294075550,
                        292594352,
                        354710609,
                        298315342,
                        511540154,
                        427447179,
                        276796955,
                        348229670,
                        386202641,
                        265158880,
                        265008150,
                        415586864,
                        401592436,
                        407718062,
                        264249765,
                        321477063,
                        255858984,
                        449886554,
                        263101017,
                        383088373,
                        255901016,
                        268881381,
                        247822211,
                        363458369,
                        379221080,
                        308367167,
                        352368160,
                        318331334,
                        241592682,
                        256546954,
                        263679714,
                        241993721,
                        272895080,
                        272137788,
                        238748616,
                        415323477,
                        268626277,
                        293206072,
                        344130294,
                        267912474
                    ]
                }
            },
            "warmupIterations": 30,
            "repeatIterations": 1,
            "thermalThrottleSleepSeconds": 0
        }
    ]
}