{
    "context": {
        "build": {
            "device": "sailfish",
            "fingerprint": "google/sailfish/sailfish:10/QP1A.191005.007.A3/5972272:user/release-keys",
            "model": "Pixel",
            "version": {
                "sdk": 29
            }
        },
        "cpuCoreCount": 4,
        "cpuLocked": false,
        "cpuMaxFreqHz": -1,
        "memTotalBytes": 3948359680,
        "sustainedPerformanceModeEnabled": true
    },
    "benchmarks": [
        {
            "name": "networkUriGet",
            "params": {},
            "className": "coil.benchmark.Picasso2Benchmark",
            "totalRunTimeNs": 29260178383,
            "metrics": {
                "timeNs": {
                    "minimum": 306808834,
                    "maximum": 560009482,
                    "median": 339275346,
                    "runs": [
                        347261860,
                        341271963,
                        330777064,
                        312776021,
                        321133574,
                        338313784,
                        349089306,
                        348704826,
                        428665249,
                        456376868,
                        319176336,
                        355838318,
                        345576492,
                        312976386,
                        384229256,
                        356245972,
                        341120658,
                        372256757,
                        346191545,
                        560009482,
                        321965292,
                        355221128,
                        326580137,
                        361388940,
                        335747950,
                        311728468,
                        316920135,
                        322783678,
                        314638835,
                        331702792,
                        368975607,
                        334230189,
                        339172793,
                        351907065,
                        352579620,
                        339377899,
                        352965033,
                        472514579,
                        322354980,
                        332390501,
                        338241127,
                        402346965,
                        328300553,
                        322132637,
                        313799769,
                        315884512,
                        432134990,
                        306808834,
                        313256072,
                        360637900
                    ]
                }
            },
            "warmupIterations": 30,
            "repeatIterations": 1,
            "thermalThrottleSleepSeconds": 0
        },
        {
            "name": "fileUriGet",
            "params": {},
            "className": "coil.benchmark.Picasso2Benchmark",
            "totalRunTimeNs": 20333921244,
            "metrics": {
                "timeNs": {
                    "minimum": 212652208,
                    "maximum": 232951481,
                    "median": 222489842,
                    "runs": [
                        217774501,
                        222564450,
                        227562939,
                        213104137,
                        223599346,
                        224017002,
                        217763042,
                        229866952,
                        225186636,
                        216096792,
                        217180022,
                        222467523,
                        227847105,
                        224539087,
                        215232263,
                        225492836,
                        231111899,
                        222108824,
                        217401375,
                        221486948,
                        229410699,
                        228922002,
                        232699606,
                        217342521,
                        223322731,
                        215988822,
                        223325282,
                        215346740,
                        232412576,
                        212908824,
                        213349659,
                        221652262,
                        231413928,
                        223600491,
                        228668409,
                        212652208,
                        213965386,
                        229958669,
                        217600020,
                        217480593,
                        222596117,
                        220859813,
                        215210023,
                        232951481,
                        223206119,
                        215903721,
                        220905074,
                        220628930,
                        222512160,
                        223539970
                    ]
                }
            },
            "warmupIterations": 32,
            "repeatIterations": 1,
            "thermalThrottleSleepSeconds": 0
        }
    ]
}