{
    "context": {
        "build": {
            "device": "sailfish",
            "fingerprint": "google/sailfish/sailfish:10/QP1A.191005.007.A3/5972272:user/release-keys",
            "model": "Pixel",
            "version": {
                "sdk": 29
            }
        },
        "cpuCoreCount": 4,
        "cpuLocked": false,
        "cpuMaxFreqHz": -1,
        "memTotalBytes": 3948359680,
        "sustainedPerformanceModeEnabled": true
    },
    "benchmarks": [
        {
            "name": "networkUriGet",
            "params": {},
            "className": "coil.benchmark.CoilBenchmark",
            "totalRunTimeNs": 31460372666,
            "metrics": {
                "timeNs": {
                    "minimum": 330840607,
                    "maximum": 424993168,
                    "median": 371773475,
                    "runs": [
                        421804313,
                        411474259,
                        374417798,
                        372755506,
                        392112539,
                        424993168,
                        406103322,
                        390464517,
                        348017273,
                        391971758,
                        389823581,
                        344541284,
                        349575870,
                        361039409,
                        376326338,
                        379408787,
                        391673789,
                        334955451,
                        379107538,
                        352176233,
                        358680504,
                        374938840,
                        367571911,
                        370791443,
                        347505868,
                        381163528,
                        361094672,
                        373890766,
                        356004410,
                        406440718,
                        387136184,
                        340003731,
                        341470815,
                        346556700,
                        337864358,
                        340498784,
                        410537541,
                        399156603,
                        338068421,
                        399962646,
                        378966392,
                        344123263,
                        364416339,
                        366671600,
                        337203473,
                        419348325,
                        409913949,
                        347042794,
                        330840607,
                        338139253
                    ]
                }
            },
            "warmupIterations": 30,
            "repeatIterations": 1,
            "thermalThrottleSleepSeconds": 0
        },
        {
            "name": "fileUriGet",
            "params": {},
            "className": "coil.benchmark.CoilBenchmark",
            "totalRunTimeNs": 22044467352,
            "metrics": {
                "timeNs": {
                    "minimum": 216354291,
                    "maximum": 330065502,
                    "median": 235086846,
                    "runs": [
                        223942053,
                        240082003,
                        232803513,
                        231438565,
                        227138668,
                        231623875,
                        266373673,
                        264691796,
                        268359243,
                        225616948,
                        237695855,
                        229121325,
                        233610387,
                        221672729,
                        330065502,
                        261728096,
                        231224920,
                        220517523,
                        225296170,
                        231606689,
                        244385076,
                        325828522,
                        254444971,
                        295105499,
                        242658151,
                        229809605,
                        223452367,
                        258642786,
                        262878619,
                        219764188,
                        216354291,
                        221813823,
                        255426276,
                        262139869,
                        234984554,
                        228273826,
                        249539191,
                        228146065,
                        240196066,
                        250537107,
                        235189138,
                        220974345,
                        221504291,
                        219331844,
                        250196014,
                        268035443,
                        221510075,
                        253840964,
                        273052267,
                        320938314
                    ]
                }
            },
            "warmupIterations": 30,
            "repeatIterations": 1,
            "thermalThrottleSleepSeconds": 0
        }
    ]
}