{
    "context": {
        "build": {
            "device": "sailfish",
            "fingerprint": "google/sailfish/sailfish:10/QP1A.191005.007.A3/5972272:user/release-keys",
            "model": "Pixel",
            "version": {
                "sdk": 29
            }
        },
        "cpuCoreCount": 4,
        "cpuLocked": false,
        "cpuMaxFreqHz": -1,
        "memTotalBytes": 3948359680,
        "sustainedPerformanceModeEnabled": true
    },
    "benchmarks": [
        {
            "name": "networkUriGet",
            "params": {},
            "className": "coil.benchmark.GlideBenchmark",
            "totalRunTimeNs": 32459053703,
            "metrics": {
                "timeNs": {
                    "minimum": 318821907,
                    "maximum": 605336051,
                    "median": 381215350,
                    "runs": [
                        380442224,
                        409429782,
                        386001912,
                        350687483,
                        337704720,
                        368238317,
                        384247692,
                        352880139,
                        318821907,
                        406545249,
                        367917539,
                        605336051,
                        381988476,
                        338571230,
                        380067954,
                        353580191,
                        471703953,
                        334679044,
                        356001025,
                        428825564,
                        444869003,
                        399109208,
                        348215453,
                        361348787,
                        427360199,
                        401564571,
                        421636553,
                        437241294,
                        419523843,
                        433670356,
                        376221653,
                        416430196,
                        331075606,
                        372204307,
                        333106126,
                        415681553,
                        353393680,
                        340442795,
                        319532478,
                        325949252,
                        405189049,
                        472335359,
                        457245567,
                        349559358,
                        406183322,
                        402199051,
                        389324310,
                        327845764,
                        330791230,
                        396772954
                    ]
                }
            },
            "warmupIterations": 30,
            "repeatIterations": 1,
            "thermalThrottleSleepSeconds": 0
        },
        {
            "name": "fileUriGet",
            "params": {},
            "className": "coil.benchmark.GlideBenchmark",
            "totalRunTimeNs": 23240845336,
            "metrics": {
                "timeNs": {
                    "minimum": 230163407,
                    "maximum": 389492539,
                    "median": 253228645,
                    "runs": [
                        244888408,
                        240122630,
                        235420597,
                        239807993,
                        255319921,
                        247436744,
                        262662683,
                        230163407,
                        276962111,
                        262862161,
                        241739606,
                        276524455,
                        258896224,
                        278288724,
                        300427529,
                        237029763,
                        249351535,
                        243457214,
                        254874973,
                        249017992,
                        249048358,
                        304178624,
                        246857369,
                        258710909,
                        255865078,
                        256557370,
                        283953414,
                        263098099,
                        239934659,
                        253679608,
                        240484243,
                        308073519,
                        258177943,
                        389492539,
                        247469815,
                        250334868,
                        240659295,
                        252777682,
                        254512943,
                        268639195,
                        269095703,
                        272047265,
                        277034297,
                        248515079,
                        252487266,
                        246652471,
                        238108879,
                        243547940,
                        260278984,
                        235567990
                    ]
                }
            },
            "warmupIterations": 30,
            "repeatIterations": 1,
            "thermalThrottleSleepSeconds": 0
        }
    ]
}