{
    "context": {
        "build": {
            "device": "sailfish",
            "fingerprint": "google/sailfish/sailfish:10/QP1A.191005.007.A3/5972272:user/release-keys",
            "model": "Pixel",
            "version": {
                "sdk": 29
            }
        },
        "cpuCoreCount": 4,
        "cpuLocked": false,
        "cpuMaxFreqHz": -1,
        "memTotalBytes": 3948359680,
        "sustainedPerformanceModeEnabled": true
    },
    "benchmarks": [
        {
            "name": "networkUriGet",
            "params": {},
            "className": "coil.benchmark.Picasso3Benchmark",
            "totalRunTimeNs": 29480718249,
            "metrics": {
                "timeNs": {
                    "minimum": 308921021,
                    "maximum": 507332289,
                    "median": 339910372,
                    "runs": [
                        381976186,
                        348154461,
                        415343166,
                        340834617,
                        358459306,
                        337655032,
                        351330399,
                        337194669,
                        343849669,
                        337077482,
                        333874615,
                        338986127,
                        361853942,
                        364537901,
                        366001129,
                        345458003,
                        393055510,
                        356197850,
                        317862219,
                        386506081,
                        314881332,
                        338361285,
                        314721698,
                        310090969,
                        323068625,
                        365654620,
                        329775397,
                        372946339,
                        374005609,
                        358873993,
                        331513003,
                        377316965,
                        321692794,
                        333943939,
                        319363314,
                        317614041,
                        353141495,
                        323378210,
                        323612534,
                        323388520,
                        507332289,
                        322562376,
                        340919823,
                        319037116,
                        368555868,
                        315002582,
                        308921021,
                        341516754,
                        358878421,
                        329984824
                    ]
                }
            },
            "warmupIterations": 30,
            "repeatIterations": 1,
            "thermalThrottleSleepSeconds": 0
        },
        {
            "name": "fileUriGet",
            "params": {},
            "className": "coil.benchmark.Picasso3Benchmark",
            "totalRunTimeNs": 20337936765,
            "metrics": {
                "timeNs": {
                    "minimum": 211751064,
                    "maximum": 274849818,
                    "median": 222440778,
                    "runs": [
                        219353511,
                        213357677,
                        215794347,
                        233298045,
                        226852263,
                        226020907,
                        222491430,
                        236229034,
                        212897053,
                        232176532,
                        227854866,
                        229505802,
                        218203511,
                        214521793,
                        214560178,
                        223204866,
                        224709293,
                        222872313,
                        217572887,
                        216068512,
                        222390126,
                        219390959,
                        220807314,
                        236305961,
                        229617420,
                        214599085,
                        224677212,
                        274849818,
                        221782469,
                        216411949,
                        226744813,
                        217011793,
                        234819920,
                        225359241,
                        215903927,
                        229361065,
                        225294137,
                        222578201,
                        216466844,
                        231284606,
                        217205490,
                        211751064,
                        228757681,
                        216519397,
                        216419605,
                        226923929,
                        215826793,
                        221403145,
                        219332523,
                        224468563
                    ]
                }
            },
            "warmupIterations": 32,
            "repeatIterations": 1,
            "thermalThrottleSleepSeconds": 0
        }
    ]
}