{
    "context": {
        "build": {
            "device": "sailfish",
            "fingerprint": "google/sailfish/sailfish:10/QP1A.191005.007.A3/5972272:user/release-keys",
            "model": "Pixel",
            "version": {
                "sdk": 29
            }
        },
        "cpuCoreCount": 4,
        "cpuLocked": false,
        "cpuMaxFreqHz": -1,
        "memTotalBytes": 3948359680,
        "sustainedPerformanceModeEnabled": true
    },
    "benchmarks": [
        {
            "name": "networkUriGet",
            "params": {},
            "className": "coil.benchmark.CoilBenchmark",
            "totalRunTimeNs": 33379972075,
            "metrics": {
                "timeNs": {
                    "minimum": 323375135,
                    "maximum": 468774473,
                    "median": 384747356,
                    "runs": [
                        398180092,
                        466204889,
                        390156029,
                        431909473,
                        345027848,
                        382552122,
                        348394776,
                        365227432,
                        418462646,
                        421589572,
                        390818320,
                        343370661,
                        382073891,
                        431397910,
                        409815197,
                        408838738,
                        395450715,
                        375555401,
                        391384257,
                        357536493,
                        336616597,
                        456925931,
                        333620867,
                        339469515,
                        393565352,
                        384455038,
                        468774473,
                        410872853,
                        445582649,
                        375031547,
                        385039674,
                        356990243,
                        393976547,
                        343374931,
                        362759514,
                        406223842,
                        364487276,
                        392088999,
                        401635977,
                        457077961,
                        362200192,
                        365466078,
                        416945146,
                        325329512,
                        356925712,
                        346260138,
                        358858993,
                        403301498,
                        323375135,
                        356614204
                    ]
                }
            },
            "warmupIterations": 30,
            "repeatIterations": 1,
            "thermalThrottleSleepSeconds": 0
        },
        {
            "name": "fileUriGet",
            "params": {},
            "className": "coil.benchmark.CoilBenchmark",
            "totalRunTimeNs": 22512468961,
            "metrics": {
                "timeNs": {
                    "minimum": 222845596,
                    "maximum": 344714931,
                    "median": 242111092,
                    "runs": [
                        223653043,
                        222866169,
                        226000284,
                        222845596,
                        224317418,
                        232958148,
                        244912888,
                        236874503,
                        344714931,
                        260351172,
                        261982163,
                        274850389,
                        321274928,
                        228819189,
                        227287782,
                        233026584,
                        275911956,
                        255089557,
                        259417109,
                        240425285,
                        227253877,
                        258382890,
                        305810604,
                        245570180,
                        225695908,
                        237475076,
                        227957525,
                        312305968,
                        230104604,
                        257226118,
                        310069978,
                        242198305,
                        266487422,
                        258323983,
                        312348729,
                        225425022,
                        223112784,
                        238603669,
                        251085442,
                        259446796,
                        314312844,
                        252065860,
                        233641270,
                        232768462,
                        242023878,
                        263387684,
                        228279292,
                        230208044,
                        231947835,
                        276912372
                    ]
                }
            },
            "warmupIterations": 30,
            "repeatIterations": 1,
            "thermalThrottleSleepSeconds": 0
        }
    ]
}