{
    "context": {
        "build": {
            "device": "sailfish",
            "fingerprint": "google/sailfish/sailfish:10/QP1A.191005.007.A3/5972272:user/release-keys",
            "model": "Pixel",
            "version": {
                "sdk": 29
            }
        },
        "cpuCoreCount": 4,
        "cpuLocked": false,
        "cpuMaxFreqHz": -1,
        "memTotalBytes": 3948359680,
        "sustainedPerformanceModeEnabled": true
    },
    "benchmarks": [
        {
            "name": "networkUriGet",
            "params": {},
            "className": "coil.benchmark.Picasso2Benchmark",
            "totalRunTimeNs": 28610298215,
            "metrics": {
                "timeNs": {
                    "minimum": 301156905,
                    "maximum": 436983636,
                    "median": 339843342,
                    "runs": [
                        338858837,
                        347677535,
                        326301490,
                        372080401,
                        432570513,
                        342919202,
                        309271333,
                        326381282,
                        321759302,
                        326327378,
                        342497690,
                        353800400,
                        342526128,
                        339566910,
                        326105085,
                        309474980,
                        351602796,
                        353650138,
                        318186544,
                        345824462,
                        436983636,
                        395531236,
                        330352428,
                        306798052,
                        301156905,
                        323636489,
                        323724879,
                        370906183,
                        382653735,
                        346645347,
                        308419302,
                        340119774,
                        345629463,
                        348866337,
                        324243366,
                        322028053,
                        343413993,
                        321619875,
                        341152691,
                        367058161,
                        360511233,
                        308382167,
                        315190501,
                        404912696,
                        308254040,
                        361121389,
                        359412275,
                        303568573,
                        326234408,
                        328884357
                    ]
                }
            },
            "warmupIterations": 30,
            "repeatIterations": 1,
            "thermalThrottleSleepSeconds": 0
        },
        {
            "name": "fileUriGet",
            "params": {},
            "className": "coil.benchmark.Picasso2Benchmark",
            "totalRunTimeNs": 20790970925,
            "metrics": {
                "timeNs": {
                    "minimum": 212113408,
                    "maximum": 360141806,
                    "median": 222010359,
                    "runs": [
                        360141806,
                        221396166,
                        218156323,
                        228238146,
                        232723046,
                        255654453,
                        229852105,
                        215151064,
                        225408825,
                        229803930,
                        217400959,
                        217235960,
                        224321116,
                        223738094,
                        248764972,
                        215862626,
                        214186791,
                        215146062,
                        227428043,
                        214345178,
                        228045491,
                        217505545,
                        236266898,
                        219705438,
                        236293826,
                        216342992,
                        218266324,
                        212494500,
                        213295854,
                        227732939,
                        219114866,
                        229404242,
                        216942573,
                        227084189,
                        221072105,
                        225334552,
                        233636481,
                        212688772,
                        232264609,
                        218346271,
                        218877677,
                        222624552,
                        219752627,
                        220463253,
                        216424916,
                        212113408,
                        224868824,
                        227813929,
                        225872940,
                        228972574
                    ]
                }
            },
            "warmupIterations": 32,
            "repeatIterations": 1,
            "thermalThrottleSleepSeconds": 0
        }
    ]
}