{
    "context": {
        "build": {
            "device": "sailfish",
            "fingerprint": "google/sailfish/sailfish:10/QP1A.191005.007.A3/5972272:user/release-keys",
            "model": "Pixel",
            "version": {
                "sdk": 29
            }
        },
        "cpuCoreCount": 4,
        "cpuLocked": false,
        "cpuMaxFreqHz": -1,
        "memTotalBytes": 3948359680,
        "sustainedPerformanceModeEnabled": true
    },
    "benchmarks": [
        {
            "name": "networkUriGet",
            "params": {},
            "className": "coil.benchmark.FrescoBenchmark",
            "totalRunTimeNs": 34924903895,
            "metrics": {
                "timeNs": {
                    "minimum": 324594147,
                    "maximum": 543973959,
                    "median": 418053454,
                    "runs": [
                        405637645,
                        447868221,
                        451303011,
                        382224985,
                        397483998,
                        453418638,
                        382739309,
                        398482068,
                        419893218,
                        496900415,
                        440156449,
                        493081664,
                        441321241,
                        366785506,
                        452692754,
                        405293634,
                        470487286,
                        390239986,
                        391535716,
                        455638846,
                        461179003,
                        446992025,
                        389449673,
                        418857282,
                        416485510,
                        536006199,
                        455683275,
                        423300251,
                        422645563,
                        395722957,
                        367348525,
                        344311180,
                        543973959,
                        324594147,
                        365853214,
                        438157337,
                        412276759,
                        390276444,
                        447067493,
                        405934258,
                        412485927,
                        377887433,
                        453652077,
                        373095244,
                        421878426,
                        380235611,
                        473773691,
                        444677908,
                        417249626,
                        400906758
                    ]
                }
            },
            "warmupIterations": 30,
            "repeatIterations": 1,
            "thermalThrottleSleepSeconds": 0
        },
        {
            "name": "fileUriGet",
            "params": {},
            "className": "coil.benchmark.FrescoBenchmark",
            "totalRunTimeNs": 28476438879,
            "metrics": {
                "timeNs": {
                    "minimum": 239172263,
                    "maximum": 474231871,
                    "median": 322326595,
                    "runs": [
                        296474195,
                        380140454,
                        360051807,
                        381522954,
                        303708000,
                        252919766,
                        344402273,
                        384170505,
                        352977639,
                        284564871,
                        313104927,
                        350349359,
                        440720877,
                        428952022,
                        331519200,
                        350197692,
                        323591595,
                        418525355,
                        255209764,
                        239172263,
                        418003740,
                        392009361,
                        317365605,
                        276373413,
                        257929297,
                        253773878,
                        240472523,
                        306076906,
                        246337523,
                        366343526,
                        297187321,
                        251955233,
                        360067068,
                        240767629,
                        254065909,
                        299042217,
                        345790972,
                        321769666,
                        384835351,
                        322883523,
                        353842692,
                        474231871,
                        291275029,
                        295243468,
                        247029766,
                        251247734,
                        360153109,
                        404258062,
                        373097431,
                        257033462
                    ]
                }
            },
            "warmupIterations": 30,
            "repeatIterations": 1,
            "thermalThrottleSleepSeconds": 0
        }
    ]
}