{
    "context": {
        "build": {
            "device": "sailfish",
            "fingerprint": "google/sailfish/sailfish:10/QP1A.191005.007.A3/5972272:user/release-keys",
            "model": "Pixel",
            "version": {
                "sdk": 29
            }
        },
        "cpuCoreCount": 4,
        "cpuLocked": false,
        "cpuMaxFreqHz": -1,
        "memTotalBytes": 3948359680,
        "sustainedPerformanceModeEnabled": true
    },
    "benchmarks": [
        {
            "name": "networkUriGet",
            "params": {},
            "className": "coil.benchmark.Picasso3Benchmark",
            "totalRunTimeNs": 28567999252,
            "metrics": {
                "timeNs": {
                    "minimum": 302788207,
                    "maximum": 442392074,
                    "median": 330921257,
                    "runs": [
                        433059573,
                        319232217,
                        322427376,
                        326825134,
                        387469309,
                        336443574,
                        349670034,
                        352636909,
                        313207586,
                        332335657,
                        307591070,
                        311837634,
                        310317374,
                        328931752,
                        386893735,
                        349747171,
                        374405716,
                        342743211,
                        409285248,
                        318857949,
                        397517958,
                        315230031,
                        321798522,
                        337143210,
                        322334354,
                        313622530,
                        316286750,
                        359317016,
                        337676751,
                        339509927,
                        362606130,
                        318912064,
                        314523885,
                        317762532,
                        317034040,
                        322550502,
                        302788207,
                        312068833,
                        329506856,
                        347918732,
                        381834047,
                        332912950,
                        334099460,
                        309680970,
                        317461232,
                        365225818,
                        363510296,
                        313798104,
                        442392074,
                        355973629
                    ]
                }
            },
            "warmupIterations": 30,
            "repeatIterations": 1,
            "thermalThrottleSleepSeconds": 0
        },
        {
            "name": "fileUriGet",
            "params": {},
            "className": "coil.benchmark.Picasso3Benchmark",
            "totalRunTimeNs": 20689557113,
            "metrics": {
                "timeNs": {
                    "minimum": 213833564,
                    "maximum": 276998308,
                    "median": 224753408,
                    "runs": [
                        215110126,
                        237633254,
                        214459291,
                        228348721,
                        219455750,
                        234304502,
                        219784396,
                        222654240,
                        244927107,
                        230323929,
                        225197000,
                        229799606,
                        228852314,
                        222064136,
                        227225127,
                        215030855,
                        217821270,
                        228673460,
                        224775491,
                        222757885,
                        237848356,
                        232019139,
                        276998308,
                        218917625,
                        221037470,
                        215286271,
                        217669451,
                        228791430,
                        215106636,
                        229120544,
                        218166790,
                        226199604,
                        220499240,
                        233527366,
                        216179397,
                        231144502,
                        217387679,
                        237997004,
                        218104554,
                        225548407,
                        226064242,
                        214727104,
                        224731324,
                        226017730,
                        213833564,
                        256116016,
                        214805438,
                        225159136,
                        214044186,
                        220595074
                    ]
                }
            },
            "warmupIterations": 32,
            "repeatIterations": 1,
            "thermalThrottleSleepSeconds": 0
        }
    ]
}